Kennziffer,Raumeinheit,Zensuskorrigierte_Zahl_der_Einwohner_insgesamt_1995,Zensuskorrigierte_Zahl_der_Einwohner_insgesamt_1996,Zensuskorrigierte_Zahl_der_Einwohner_insgesamt_1997,Zensuskorrigierte_Zahl_der_Einwohner_insgesamt_1998,Zensuskorrigierte_Zahl_der_Einwohner_insgesamt_1999,Zensuskorrigierte_Zahl_der_Einwohner_insgesamt_2000,Zensuskorrigierte_Zahl_der_Einwohner_insgesamt_2001,Zensuskorrigierte_Zahl_der_Einwohner_insgesamt_2002,Zensuskorrigierte_Zahl_der_Einwohner_insgesamt_2003,Zensuskorrigierte_Zahl_der_Einwohner_insgesamt_2004,Zensuskorrigierte_Zahl_der_Einwohner_insgesamt_2005,Zensuskorrigierte_Zahl_der_Einwohner_insgesamt_2006,Zensuskorrigierte_Zahl_der_Einwohner_insgesamt_2007,Zensuskorrigierte_Zahl_der_Einwohner_insgesamt_2008,Zensuskorrigierte_Zahl_der_Einwohner_insgesamt_2009,Zensuskorrigierte_Zahl_der_Einwohner_insgesamt_2010,Zensuskorrigierte_Zahl_der_Einwohner_insgesamt_2011,Zensuskorrigierte_Zahl_der_Einwohner_insgesamt_2012,Zensuskorrigierte_Zahl_der_Einwohner_insgesamt_2013,Zensuskorrigierte_Zahl_der_Einwohner_insgesamt_2014,Zensuskorrigierte_Zahl_der_Einwohner_insgesamt_2015,Zensuskorrigierte_Zahl_der_Einwohner_insgesamt_2016,Zensuskorrigierte_Zahl_der_Einwohner_insgesamt_2017,Zensuskorrigierte_Zahl_der_Einwohner_insgesamt_2018,Zensuskorrigierte_Zahl_der_Einwohner_insgesamt_2019,Zensuskorrigierte_Zahl_der_Einwohner_insgesamt_2020,Zensuskorrigierte_Zahl_der_Einwohner_insgesamt_2021,Zensuskorrigierte_Zahl_der_Einwohner_insgesamt_2022,Zensuskorrigierte_Zahl_der_Einwohner_insgesamt_2023
01001,"Flensburg, Stadt",85488,84544,83163,82060,81469,81003,80904,80830,81128,81292,81312,81564,82428,83056,82542,82501,82801,83795,84638,85694,87275,89099,90519,91838,92831,92934,94447,96217,96431
01002,"Kiel, Landeshauptstadt",244840,242336,238925,235548,231807,230425,229856,230685,230256,230347,231252,231986,233323,233801,234305,235351,237667,240079,241960,243788,247159,248508,249223,249042,248501,248521,248377,250064,251751
01003,"Lübeck, Hansestadt",217014,215705,215413,214059,213372,213450,213552,213361,212819,211944,211899,211292,211624,210980,209911,210329,210679,211531,212595,213875,215526,215804,215228,215927,215077,214211,214461,216097,217061
01004,"Neumünster, Stadt",82099,81879,81417,80910,80362,79962,79789,79699,79118,78734,78263,78138,77809,77326,77135,77080,77201,76892,76941,77412,78963,79387,78984,79077,79728,79378,78911,78858,79461
01051,Dithmarschen,133270,134742,135562,136309,136656,136884,137130,137104,137058,137002,136838,136380,135976,135257,134751,134243,133487,132770,132274,132099,132136,132584,132275,131843,131631,131494,132016,133104,133514
01053,Herzogtum Lauenburg,170027,172097,174086,175644,177652,179792,181599,183737,184824,185881,186389,186824,187002,186886,186526,186766,187296,187953,189138,190846,193190,195302,196360,197598,198401,199582,201296,204237,205445
01054,Nordfriesland,158495,160079,161346,162250,163052,163266,163919,164479,165051,165227,165480,165215,165067,164518,163926,163543,163029,162223,161894,162160,163903,164855,165376,165407,165837,167019,167417,168886,170048
01055,Ostholstein,195783,196415,197102,197776,198742,199323,200196,201042,201419,201602,201787,201433,200903,200140,199632,198872,197960,197627,197325,197590,198554,199538,199055,198797,198500,199193,199465,200802,201529
01056,Pinneberg,280412,282374,283581,284920,286014,287712,289662,291037,291981,292957,293723,294379,294942,294786,295344,296040,297307,298800,301172,304010,307369,310525,312509,314212,315899,316855,318071,321849,323762
01057,Plön,123694,125188,126935,128293,129132,129785,130231,130692,131079,131204,131131,130755,130332,129539,128918,128353,127212,126651,126503,126654,128023,128352,128421,128156,128125,128721,128985,130494,130635
01058,Rendsburg-Eckernförde,257993,260668,263573,265668,268141,270024,271549,272579,273023,273012,272913,272457,272346,271244,270469,269613,268846,267875,267709,268078,269645,271421,271923,271493,272633,273116,274221,276964,277888
01059,Schleswig-Flensburg,187683,190138,192300,193898,195672,196936,197497,198260,198566,198883,198480,197999,197762,197235,196938,196340,195721,194749,194811,195107,196191,197875,198530,198890,199859,201188,202178,204255,204761
01060,Segeberg,237365,240034,242629,245204,248081,250630,253323,254777,256290,256872,257755,258549,259183,258839,259091,260188,261141,261527,262281,263590,265661,269932,271262,272808,273491,273862,275795,279922,282268
01061,Steinburg,132712,133423,134369,134453,135011,135162,135604,135890,135894,135798,135211,134496,133248,132595,131796,131245,130543,130071,129888,130025,131200,131554,131227,130897,130499,130128,130200,131712,132447
01062,Stormarn,208938,211413,213207,214593,216032,217724,220143,221432,222155,223888,224790,225451,226484,227505,228585,230027,231376,232715,234283,236118,238832,240833,241299,241827,242592,243229,243451,245822,246201
02000,"Hamburg, Freie und Hansestadt",1685906,1682325,1675404,1667096,1668076,1675068,1682373,1681150,1682761,1679842,1684973,1691862,1704643,1702449,1700907,1709465,1718187,1728868,1735533,1746578,1765791,1783417,1798158,1803349,1804019,1803840,1799892,1832675,1851596
03101,"Braunschweig, Stadt",250709,249180,246498,244489,243264,242453,241847,241417,240795,241285,240381,240269,240306,240202,241285,242446,243829,245924,247480,248881,251869,249299,248781,249177,250417,249698,250087,253194,253527
03102,"Salzgitter, Stadt",116851,115859,114303,112810,111497,110721,109971,108949,107843,106607,105426,104222,102733,101692,100571,99376,98588,98096,98200,98970,101085,103675,104557,104958,104303,103879,103709,104564,105056
03103,"Wolfsburg, Stadt",125869,124116,122182,121492,121184,120958,120963,121330,121646,120993,119967,119184,118623,119075,119569,119834,120889,121942,122826,123580,124783,124831,125021,125442,125847,125500,125794,127990,129347
03151,Gifhorn,161514,163600,165474,167372,169513,170929,172255,173186,173967,174411,174465,174089,173464,172776,172182,171550,170865,170572,170589,171213,172434,172535,172422,172820,172980,173242,173491,175361,175876
03153,Goslar,160857,159466,158057,156918,155860,154979,154227,153139,152211,151029,149608,147696,146016,143997,142375,140593,139575,138035,136594,135397,135757,134881,133845,132677,131335,129111,127854,127856,127712
03154,Helmstedt,101517,100873,100484,100229,100114,99462,98904,98465,98005,97691,96918,96089,94936,93883,92864,91745,90919,90256,90153,90503,90960,91404,90910,90362,90217,90303,90029,90985,90692
03155,Northeim,153875,153247,152573,151644,151326,150541,149477,148670,147724,146993,145859,144606,143110,141335,139515,137970,136516,134813,133450,132089,132474,130583,129413,128527,127441,126323,125710,126598,126310
03157,Peine,126532,127612,128333,129630,130877,131788,132502,133296,133777,133872,133919,133475,132815,131827,131239,130612,130165,129846,129745,129998,131516,131974,132161,132557,133192,134034,134949,136719,136983
03158,Wolfenbüttel,121539,122188,123141,124012,125045,126090,126180,126342,126447,126306,125577,124474,123659,122615,121702,120881,120425,119914,119494,119425,120168,119888,119218,118538,117997,117532,117192,118296,118540
03159,Göttingen,352192,352152,351870,348834,347311,345678,344169,342840,341081,339268,336488,334482,333101,330328,328135,325714,324197,323195,322540,323899,329386,326875,327807,327807,325736,323557,323280,328039,328657
03241,Region Hannover,1100980,1103527,1103919,1099824,1100727,1103217,1105812,1108300,1107793,1108053,1106908,1105785,1105700,1104106,1103218,1103734,1106219,1109074,1112325,1117235,1130078,1130697,1131071,1132420,1128310,1122924,1121535,1134284,1138943
03251,Diepholz,202709,204338,205610,206726,208346,209403,210771,211807,212465,212786,212895,212587,212157,211228,210318,210076,209745,209382,209378,210227,212821,213639,214280,214866,214780,215474,215953,219641,220743
03252,Hameln-Pyrmont,162934,162823,162571,161807,161451,161079,160561,159998,159242,158308,157535,156209,155274,153661,152283,151060,149513,148539,147769,147834,148309,148300,148338,148608,148605,148643,149033,150717,150535
03254,Hildesheim,291248,291480,291023,290885,290337,290638,290537,290141,289378,288427,287237,286365,284791,282619,280294,278386,276383,274393,272645,271742,273306,272614,271017,270034,268320,267029,265401,268062,268318
03255,Holzminden,83541,83550,83274,82792,82203,81755,81265,80771,80181,79182,78450,77454,76702,75724,74759,73939,73155,72039,71036,70177,69978,69409,68622,68033,67096,66425,65659,66288,66088
03256,Nienburg (Weser),123837,124169,124696,125044,125365,125521,125855,125674,125501,125565,125263,124791,124212,123160,122230,121409,121390,120027,119453,119038,119841,120515,120284,120003,119809,119866,119797,121295,121723
03257,Schaumburg,161701,162837,163336,163611,164304,164667,165071,165151,164560,164265,163588,163017,161957,160633,159285,158052,157026,155747,155015,154971,155038,156156,156130,155736,155483,155777,155187,156747,157051
03351,Celle,178724,179253,179710,180342,180742,181024,181124,181513,181687,181689,181326,180748,179857,178803,177850,177061,176054,174841,173822,173561,174510,174044,173573,172880,172090,171599,171263,172477,172871
03352,Cuxhaven,198292,199178,200153,201659,203229,204179,205468,205519,205700,205403,204310,203209,201846,200977,199981,199196,198115,197204,196150,196101,197188,197527,196728,196613,196209,196768,197317,198898,199390
03353,Harburg,213597,216666,219652,222840,225997,228439,230354,232051,232836,234028,235485,236010,236753,237109,237697,238544,239269,240645,243064,245489,248509,250810,252091,253453,255205,256887,258515,262954,264767
03354,Lüchow-Dannenberg,51675,51881,52153,52221,52109,52133,51855,51804,51665,51622,51399,50928,50518,50021,49758,49275,49082,48711,48236,48077,49260,47740,47055,46905,46676,46550,46302,46791,46815
03355,Lüneburg,154964,156764,158902,160915,162799,164959,166877,169551,170997,172244,172965,173275,173659,173571,173947,174029,174685,174781,175008,175544,177282,177308,177774,177356,177264,176501,176535,178099,179403
03356,Osterholz,105337,105732,106580,107726,109140,110144,110995,111474,111945,112196,112104,111821,111962,111729,111233,111040,110842,110566,110382,110734,112579,111445,111604,111766,111927,112389,112553,113800,113784
03357,Rotenburg (Wümme),152475,154395,155853,157587,159681,161302,162632,163104,163863,164400,164307,164355,164435,163929,163354,163115,162182,161512,160772,161038,162181,162032,161770,161580,161639,162075,162322,164657,165561
03358,Heidekreis,134071,135222,136395,137109,137940,138847,139713,140661,141014,140970,140706,140138,139473,138450,137588,137041,136072,135621,135948,135746,139658,138884,138190,138695,139461,139522,141397,143728,141627
03359,Stade,183206,184944,186642,188456,189859,190733,191929,192825,193880,194422,195083,195643,195525,195238,195212,195305,195606,195422,195801,196376,198625,199851,199743,200600,201653,202141,202922,206375,207659
03360,Uelzen,95817,96087,96439,96842,97104,97145,97482,97299,97146,97080,96736,96242,95754,94698,94173,93753,93284,92501,91755,91632,91930,91460,90942,90470,89987,89864,89891,91059,91832
03361,Verden,127809,129013,130084,130961,131786,132271,132690,133044,133328,133518,133285,133117,132869,132612,132330,132320,131936,131845,131892,132364,133510,134424,134888,134807,134864,135021,135671,137793,138273
03401,"Delmenhorst, Stadt",77917,77878,77546,76905,76388,76078,75666,75414,75265,75322,75092,74445,74208,73773,73482,73280,73364,73839,74554,75558,77328,78301,79028,79365,79568,79764,80034,81148,81746
03402,"Emden, Stadt",51101,50935,50935,50761,50409,50123,50269,50358,50376,50525,50471,50444,50339,50111,49765,50012,49848,49663,49613,49751,50341,50044,50077,49576,49206,49079,48639,49563,49701
03403,"Oldenburg (Oldenburg), Stadt",150080,151327,151795,152372,151955,152445,153303,154615,155301,155138,155092,155370,155656,156155,156993,157615,157706,158805,159904,161347,164417,166445,167962,169238,170252,170926,171857,174445,176242
03404,"Osnabrück, Stadt",165752,163983,162832,160984,159763,158847,158463,158352,158830,157324,156172,154900,154273,154211,153961,154089,154513,155477,156020,156454,161812,163331,163488,163714,164069,162893,163557,165741,165686
03405,"Wilhelmshaven, Stadt",89550,88301,87461,85915,84592,83240,82761,82332,81981,81327,80575,79633,78842,77875,77415,77416,76926,76524,75686,75472,75912,76097,76191,76132,75922,75002,74819,75860,76010
03451,Ammerland,103409,104680,106365,107650,109055,110207,111510,112640,113960,114571,115246,115941,116315,116336,116711,117157,117951,118320,118526,119409,120758,121851,122361,122885,123504,124119,124781,126390,127292
03452,Aurich,179677,181034,182403,183903,185289,186595,187481,188024,188623,189008,188952,189003,188970,187985,187503,187404,186713,186339,186391,186997,187864,188398,187947,187513,187025,187175,187089,188402,188960
03453,Cloppenburg,141258,142772,144631,146149,148025,149791,151130,152469,153466,155000,155851,156464,157400,157517,157768,158469,159290,159837,159785,161763,163951,164952,166751,167979,169117,170871,172024,175549,176540
03454,Emsland,292473,294837,296803,298107,300213,302082,303659,305559,306522,307946,308703,310493,311974,312179,311366,311238,311634,312279,312536,314028,317182,318509,320177,321622,322342,323742,325632,331711,334203
03455,Friesland,97564,98212,98932,99306,99726,100220,100672,100862,100805,100847,100438,100157,99683,99151,98634,98320,97857,97310,97059,96886,97832,98324,98406,98340,98567,98817,98800,100089,100461
03456,Grafschaft Bentheim,125338,126230,126960,127549,128357,129058,130321,131425,132082,132946,133422,133756,134122,134296,134071,133708,133400,133852,134079,134930,136463,136771,137061,137913,138764,139693,140725,143472,144212
03457,Leer,153783,155401,156686,158266,159856,160923,162217,163195,163900,163837,164325,164570,164266,164079,163923,163746,163991,163751,163891,164457,165745,165999,166242,166654,167150,167426,167914,169390,169111
03458,Oldenburg,112287,113446,115138,116348,118244,119853,121280,122328,123083,123588,124038,124150,124226,123932,124455,125060,125265,125169,125290,126066,127632,128264,128459,128435,128937,129270,129650,131228,131965
03459,Osnabrück,341289,342795,345849,347854,350506,350528,352832,353581,354496,355601,355397,355035,354294,353425,351991,350805,350418,349520,348455,348545,354384,350188,350598,350877,350690,351157,352313,356060,356194
03460,Vechta,117554,119120,120236,121452,122954,124563,126147,127321,128089,129108,129679,130212,131342,131273,131435,131801,132752,133337,133939,135810,137367,139047,139792,140725,141816,142575,143558,145552,146400
03461,Wesermarsch,93937,94256,94386,94111,93923,93857,94084,94064,93952,93765,93394,92742,92250,91575,90814,90338,89527,89086,88751,88645,89079,89082,88781,88343,88262,88163,88029,89127,89316
03462,Wittmund,55106,55485,55898,56469,57099,57115,57182,57328,57393,57501,57635,57491,57384,57114,56993,56862,56572,56143,55963,55883,56298,55787,55419,55351,55176,55415,55268,55953,56013
04011,"Bremen, Stadt",548191,547465,545413,541530,538386,537265,538618,540460,542132,543017,543742,544630,544270,543667,543798,543258,544043,547137,549920,553826,560210,569151,572125,574157,573051,572751,570155,576947,584332
04012,"Bremerhaven, Stadt",129079,127403,125154,122705,120534,118401,116059,116249,115194,113979,113093,112303,111351,110323,109628,108743,108139,108627,109452,111033,115241,114554,114849,115761,116074,116292,116212,118811,118323
05111,"Düsseldorf, Stadt",570282,570602,569971,567317,567608,567992,569268,570265,570765,570792,572518,575385,578877,581847,583722,586116,589649,592350,596023,600532,606851,606572,609290,609973,611224,608538,606161,614399,616319
05112,"Duisburg, Stadt",535104,532531,528867,523092,519550,514648,511738,508348,506156,504038,501175,498698,496227,493586,491445,489048,487470,486767,486757,485318,491035,499600,497815,498246,498293,495443,494661,501671,503185
05113,"Essen, Stadt",612797,609419,605980,600098,596075,591459,587761,581009,584683,582924,579926,577350,575948,573223,569379,567411,565900,565740,567640,570418,578136,577474,576660,575254,573783,572316,568211,572237,574082
05114,"Krefeld, Stadt",246188,243785,241049,238372,236073,233650,232723,231778,230590,229725,228587,227420,226263,225510,224021,223114,221864,222203,222412,223032,225853,227698,227762,228260,228834,228439,228822,230375,230393
05116,"Mönchengladbach, Stadt",266055,266118,265642,263691,262618,261827,261668,261701,260880,260347,259717,259117,258076,256798,256093,255727,254834,254984,255224,256544,259584,260410,261571,260734,260211,258739,259972,267333,267667
05117,"Mülheim an der Ruhr, Stadt",176434,175888,175379,174370,173735,172686,172140,171963,170521,170087,169661,169142,168637,167984,167151,167008,166804,166622,166576,167013,169151,170777,171074,170657,170377,170635,170421,172054,172887
05119,"Oberhausen, Stadt",223766,223148,222558,221510,221298,220995,220358,219562,218562,217733,217217,216394,215216,213673,211922,210738,210256,210226,209538,209954,211817,212486,212746,212374,212530,211553,210959,213252,213510
05120,"Remscheid, Stadt",122406,121763,120834,119869,120369,119555,119045,118656,118058,117192,116254,115339,114374,113142,111909,111075,110132,109454,109158,109314,109906,111119,111194,111705,112151,112431,112786,113731,114061
05122,"Solingen, Klingenstadt",164475,163617,163313,163345,163483,162664,162513,162011,161604,161056,160222,159379,158796,157790,156793,155518,155080,155733,156602,158022,160394,160993,161304,162278,162580,162945,163126,165229,166078
05124,"Wuppertal, Stadt",380002,377625,374184,369395,365857,362984,361020,359445,357746,356372,354219,352998,350775,347349,344777,343135,342570,342857,343432,345341,349934,352250,353422,354186,354876,354752,354292,358568,358592
05154,Kleve,286185,288769,290474,292378,294465,295905,298090,300090,301199,302136,302675,302988,303271,302477,301805,301207,301171,301806,302356,304451,309654,309475,310245,309778,311098,312049,312968,317411,319928
05158,Mettmann,500188,499260,498781,499000,499132,499430,500002,498931,496640,494785,492944,490713,488514,484910,481410,479369,477919,477347,476533,477611,483080,484521,485110,485335,485171,483874,483913,489246,489760
05162,Rhein-Kreis Neuss,433987,437381,438792,439695,440290,440806,442346,442878,442415,442134,440806,439972,439509,438324,437550,437446,437732,439094,440339,442128,449500,446774,448619,450087,450678,450818,451181,455818,457398
05166,Viersen,287397,289909,292572,295405,297444,298912,300690,301703,301487,301712,301333,300523,300173,299355,298288,296732,295982,294946,293917,293562,295654,295913,295722,295422,294848,294020,293743,295362,297504
05170,Wesel,463399,465551,467240,468756,469942,470623,472131,473454,472687,472027,470949,469611,467881,465668,463515,461427,459740,457421,455218,454521,459033,457177,455220,453456,452715,451944,451357,455854,457545
05314,"Bonn, Stadt",285872,296388,297429,296301,291783,292056,294898,296877,298081,298041,297994,298549,299739,300346,301311,305443,307530,308574,308697,310073,313629,315650,317721,318194,319314,318925,318936,322221,321680
05315,"Köln, Stadt",964745,963236,963042,961152,960921,961139,966036,966577,963733,967329,980809,987069,992542,992406,994932,1003788,1013665,1018593,1022615,1029341,1037463,1047036,1045715,1045205,1041624,1031480,1015298,1021253,1024408
05316,"Leverkusen, Stadt",161755,162397,161635,160537,160013,160136,159835,159191,160384,160359,159902,159928,159854,159748,158937,159033,159373,160056,161078,161929,164006,163761,164355,164745,164766,165072,165147,167174,167850
05334,Städteregion Aachen,543454,542860,540836,538955,537906,538319,539917,542016,550127,550790,550079,549317,548263,546674,543352,541569,541521,544451,548303,552516,560395,560563,563777,566792,569971,571195,572855,580359,582463
05358,Düren,256225,257351,258732,260208,262557,264274,266394,267403,267476,267058,266238,264287,263705,262197,260837,259522,258524,259182,259447,260666,264952,264727,266076,267440,268887,269920,272082,276675,278462
05362,Rhein-Erft-Kreis,438869,440810,443161,444415,446691,449094,451456,453339,453673,454155,453563,453267,453748,453019,452394,451925,452792,454387,455792,458232,465036,463523,464778,467253,467374,465964,467839,473669,476412
05366,Euskirchen,181416,182676,184057,185260,186617,187921,189059,189986,190800,191297,191275,191035,190690,190228,189552,188299,187801,187904,187797,188698,191885,192102,193208,194101,195097,195980,196502,199228,201841
05370,Heinsberg,236820,239312,241387,243247,245272,247088,248661,250674,251566,252439,252508,252163,251430,250282,249135,248612,248161,247773,248125,249148,252311,252381,252782,253944,255123,255972,257766,261239,262149
05374,Oberbergischer Kreis,278938,279769,281285,282284,283105,284548,285566,285774,285698,285674,284567,282807,280873,278633,276050,273924,272287,271171,269968,270135,272808,272334,272003,271345,270770,270251,270012,273634,273963
05378,Rheinisch-Bergischer Kreis,269989,271490,273265,274930,276459,276296,277421,279057,279816,280517,280287,279928,279689,279054,278708,278495,277816,277708,277863,278631,281574,281860,281612,281434,280961,280676,280542,283037,283607
05382,Rhein-Sieg-Kreis,540987,545587,551724,557856,563165,566574,571685,576583,580153,582357,582702,582703,581993,580229,579463,578845,579594,580097,581298,584308,594249,595399,596109,596342,596835,595955,595821,602933,605283
05512,"Bottrop, Stadt",120836,121278,121824,121597,121421,120968,121169,121179,120778,120396,119875,119526,119180,118372,117889,117452,117074,116517,116094,116075,117221,117506,117481,117519,117721,117563,117506,118327,118912
05513,"Gelsenkirchen, Stadt",291530,289450,286920,284634,282589,279366,277472,275719,273299,271022,269078,267809,265863,263222,260964,259262,257994,257756,258149,258099,260966,263275,261202,261700,260841,260450,261621,264644,267284
05515,"Münster, Stadt",265508,266270,265734,265160,265415,266429,268091,269914,270622,271156,272060,273373,274292,275291,277033,281368,293393,295170,296849,297890,304321,304699,304982,304313,303857,303538,303418,305222,307071
05554,Borken,341321,345280,348080,351095,354427,357066,360099,361902,363488,364038,365465,365626,366094,365993,365108,364847,364093,363645,363923,364668,368969,368355,368673,369457,369946,370330,371840,377154,379787
05558,Coesfeld,201171,204542,206701,208787,211035,212974,214711,216305,217472,218367,218209,218528,218240,217347,216771,216120,215031,215092,215292,216010,218420,219043,219389,219963,220625,220755,221400,224745,226217
05562,Recklinghausen,660833,660265,659512,657918,656963,653746,651857,649731,646502,644065,640964,637467,633518,629537,625542,621475,617831,615978,614278,613692,618607,618195,618025,616662,615738,615400,614802,621933,622855
05566,Steinfurt,413940,418398,422779,425675,428698,430646,432921,435117,436590,437275,438065,437842,438082,437077,435936,435264,433820,433327,432795,434598,440002,440194,441508,441714,441477,440611,441747,447192,450042
05570,Warendorf,271426,273016,274331,275218,276689,278411,280069,280766,280835,280857,280439,279581,278316,276597,275308,274266,272985,272725,272410,273092,277004,277211,276818,277037,276987,276457,277110,281090,282216
05711,"Bielefeld, Stadt",325103,325342,324606,323387,322854,323660,325448,327063,330873,330606,329692,328785,328024,326900,326542,326901,327199,327682,327601,327887,330564,330293,328763,329365,329143,327825,327687,331385,331519
05754,Gütersloh,328004,331950,335912,338481,341148,343475,345877,347438,348105,349803,350481,351114,351123,350655,350052,350131,350814,350771,350629,351905,357232,357565,357934,358115,358118,357145,357579,361931,363674
05758,Herford,251366,253076,253852,254099,254961,255851,256589,257115,256680,256433,256102,255446,254743,253461,252241,251113,249947,249274,249242,249600,252630,251709,252302,251673,251595,251691,251906,254949,254593
05762,Höxter,154128,154756,154864,154707,155213,155308,154973,154763,154193,153607,152823,151854,150459,148936,147561,146185,144891,143448,142265,141986,142964,140548,139996,138837,138159,137376,137379,138943,139042
05766,Lippe,360070,361611,362999,363903,364194,364270,364187,364179,362783,361523,359787,358055,356378,353907,351669,349753,347729,346286,344953,344496,349909,347882,347807,346919,345832,345078,344048,348275,347613
05770,Minden-Lübbecke,315791,317994,319367,320639,321431,322151,322359,322900,322478,321779,321037,319827,318357,316563,314624,312935,310932,310415,310206,310491,314750,313991,313756,313684,313808,314094,315463,320648,320925
05774,Paderborn,276526,279692,281747,283248,285620,287562,289973,291674,292214,293939,294719,294894,294356,294138,294126,294587,295614,296150,296718,299115,304391,305272,305451,306994,307958,308468,309528,313921,315606
05911,"Bochum, Stadt",397288,394843,391695,388576,387652,385452,383874,382138,380034,380412,377342,374941,372222,368758,365964,363864,362585,361346,360001,359276,361275,360587,360329,358562,358654,356654,354775,356209,357024
05913,"Dortmund, Stadt",596235,593984,591392,587825,585871,584218,584029,585186,583582,582167,581220,580242,579093,576162,572623,571325,571403,572637,577045,582162,588382,588564,589902,590862,592652,592648,592355,599370,601343
05914,"Hagen, Stadt der FernUniversität",211972,210914,208986,207154,205149,203094,201998,201042,199966,198702,196851,195583,193655,192079,190017,188420,187333,186259,186028,186763,189107,188345,187825,188925,188813,188829,188871,189957,190640
05915,"Hamm, Stadt",181870,180419,179144,178413,179241,179608,180730,181246,181373,181082,180139,179315,178452,177590,176616,176401,176474,176315,175799,176206,178899,178948,178438,178239,178920,177846,177993,179479,179380
05916,"Herne, Stadt",177345,175741,174460,172881,171408,169851,168914,168116,166916,165451,164187,162761,160798,158843,157126,155830,154887,154403,154096,154127,155209,155972,155527,155251,155165,155496,155016,155603,156154
05954,Ennepe-Ruhr-Kreis,350780,349979,349730,348750,349265,348419,347411,345618,343117,341602,339206,336906,334600,331833,329434,327065,325145,323326,320937,320225,322366,320889,319287,318016,316929,315056,313172,315325,315069
05958,Hochsauerlandkreis,283844,284377,284347,283727,283034,281807,281455,280822,279307,277684,277186,275486,273860,271851,269885,267557,265199,263662,261882,261386,263529,261978,261241,260067,259311,258506,258032,261006,261193
05962,Märkischer Kreis,456647,457712,457904,457839,456992,454580,453931,452753,450109,447486,444603,440584,436982,432801,428785,425456,422614,420002,416291,413897,416274,415015,413537,412300,410428,408894,407050,410629,408899
05966,Olpe,137498,137809,138446,139323,139893,140077,140472,140759,140674,140598,140132,139512,139123,138528,137611,136803,136144,135348,134598,134235,135667,134110,133761,133553,132559,131791,131375,132519,132426
05970,Siegen-Wittgenstein,297875,297457,296917,295658,294772,293577,292864,292239,291010,289216,287475,285686,284057,281672,279534,277567,276227,275367,274449,275227,279890,276796,276612,276618,275124,273444,272067,274634,274379
05974,Soest,296728,299175,300300,301598,302882,302803,303910,304719,304282,304139,303657,302267,301311,299958,298599,297344,296540,295455,293822,295019,300697,298783,298246,297881,297189,295846,296553,299749,300347
05978,Unna,418666,420643,421739,422277,423547,424415,422278,421175,417896,416356,413175,410143,407366,404026,400737,397821,394873,392645,391032,390888,394854,392393,392163,392716,392530,390961,390111,395619,396283
06411,"Darmstadt, Wissenschaftsstadt",138105,137422,136710,136199,136318,136639,136708,137064,137657,137891,138230,138779,139567,139540,140417,141341,145845,147933,149759,151902,155384,157476,158301,159262,159941,159244,159709,162329,164832
06412,"Frankfurt am Main, Stadt",645968,642536,638020,637727,637010,639058,632902,634871,633896,636672,641001,641031,646761,651896,658304,665360,676533,685441,696681,710621,723350,724742,732871,736715,744704,743094,735879,747389,749596
06413,"Offenbach am Main, Stadt",114392,114112,113359,112694,113059,113610,114147,114594,114213,114175,113721,111498,111822,112197,111634,112942,114855,116615,118543,119999,122415,122940,124679,126435,127641,127924,127997,130542,131845
06414,"Wiesbaden, Landeshauptstadt",264949,265134,264829,263928,265095,266126,266730,266845,266925,268644,268817,269406,269331,269861,270250,268371,270952,272791,274181,275581,276838,278394,279583,279426,279713,280003,280499,284787,287241
06431,Bergstraße,259261,259468,260353,260532,261866,262908,263798,264520,264806,265195,265116,263715,263035,262045,261301,261081,261158,261521,261973,263299,266231,267064,267734,268474,268946,269447,269423,273288,274484
06432,Darmstadt-Dieburg,277275,278889,279753,280544,282499,283497,284881,285837,286000,286438,285516,284561,283698,283030,282948,282931,283465,284438,285456,288040,292871,294867,296195,297571,298040,297922,297145,300928,302263
06433,Groß-Gerau,243771,245623,245822,245710,246202,247080,248093,249436,248850,249301,248725,248754,249435,249799,249624,250713,252770,253612,254759,256980,260958,262690,263776,265628,265557,264367,263596,266326,267920
06434,Hochtaunuskreis,219635,220388,221746,222423,223354,224954,225937,226359,226010,226775,226343,225495,224924,224556,225046,226119,226964,228011,228994,230538,233080,234557,235475,235957,236220,236500,236174,238534,240622
06435,Main-Kinzig-Kreis,399637,400402,399869,400048,401522,402804,404720,405778,405595,405923,405376,403976,403026,402035,401316,401242,401823,401763,402252,403505,406471,409858,409980,409350,409581,409347,409751,415753,419055
06436,Main-Taunus-Kreis,212440,213358,214074,214861,216512,218440,219740,220736,220761,221542,221404,221528,222441,222921,223331,223916,224823,225681,227158,228681,231121,233549,234379,234713,235104,235378,234959,237671,238593
06437,Odenwaldkreis,98302,99066,99309,99406,99368,99662,100107,100519,100647,100515,100166,99632,98945,98083,97492,97022,96785,96379,95663,95275,95924,95128,94984,94916,94552,94334,94264,94619,94246
06438,Offenbach,327120,328413,329119,328992,330566,331983,333230,333849,333426,334096,333048,331869,331684,331554,331622,332243,334019,335521,336811,339436,344379,346260,347225,348881,349857,349842,350021,353948,356578
06439,Rheingau-Taunus-Kreis,181667,182343,182225,182450,183113,183240,183439,184086,183786,183735,183293,182223,181965,181179,180873,180574,180506,180554,180475,181045,182685,183882,184458,184656,184302,184218,183656,185684,186050
06440,Wetteraukreis,282470,284483,286243,288130,290153,291602,293156,294722,294617,295045,295019,294820,294705,293905,293346,292941,293113,293217,293963,295201,299040,300300,300976,301401,302557,303848,304434,309348,310705
06531,Gießen,251056,251594,251216,250810,251028,251187,251713,252534,253033,252973,252405,252216,251849,251154,251401,251891,252587,251918,251575,256466,258014,260085,260320,261017,261706,261562,261647,266314,268141
06532,Lahn-Dill-Kreis,263067,263781,263385,262990,263143,263070,263273,263101,262496,261694,260819,259685,258408,256946,255262,253956,252899,251735,250585,250327,251683,252219,251938,251180,250351,250034,249654,253208,254444
06533,Limburg-Weilburg,170909,172379,172994,173936,175141,175374,175741,175917,175909,176236,175833,174629,173847,172836,171591,170823,170471,169777,169709,170003,171413,171484,171207,171192,170894,171146,171486,173484,174281
06534,Marburg-Biedenkopf,248573,249200,249298,249176,249362,248636,248434,248400,247911,247368,246630,245762,244589,243779,242707,242215,241574,240598,240295,239556,242518,241610,242081,241884,241639,239777,239291,242197,243093
06535,Vogelsbergkreis,118433,118928,118828,118273,118423,118224,118178,117628,117149,116347,115385,114370,113034,111794,110494,108932,107994,106466,105422,104321,105333,104333,103567,102513,101797,101179,100864,101545,101494
06611,"Kassel, documenta-Stadt",200299,199440,197754,196160,194087,192430,192200,191385,191349,191279,191029,189908,189980,190133,190527,191070,191854,192181,192700,192667,195211,195595,196576,196731,196590,194808,193472,196575,197065
06631,Fulda,211861,213901,215176,216363,216729,217324,217905,218578,219080,219658,219252,218823,218423,217754,217057,216518,215945,215547,215221,215687,217946,218438,218504,218759,218773,218105,218107,221445,222688
06632,Hersfeld-Rotenburg,132803,132630,132143,131265,130538,130002,129298,128382,127687,126887,126207,125092,124143,122857,121626,120987,120776,119857,119036,118471,119936,119499,119256,118676,118259,117536,117088,118183,118010
06633,Kassel,241698,242397,243571,243818,244815,245144,244804,244828,244282,243681,242550,240798,239331,237762,236421,235357,234680,233261,231461,230615,232031,232178,231001,230015,229200,228498,227813,230318,230742
06634,Schwalm-Eder-Kreis,192453,193254,193731,193514,193278,193247,193297,192831,191990,191157,189792,188184,186898,185141,183536,182435,181327,179989,178849,178596,179150,179655,179015,178193,177354,177231,177153,179406,180368
06635,Waldeck-Frankenberg,169574,170185,170291,169767,169636,169388,169142,169006,168129,167649,166576,165297,164121,162613,160983,159617,158210,156922,155864,155346,156106,156110,155027,154353,153434,153185,152798,155068,155135
06636,Werra-Meißner-Kreis,117370,116666,116120,115187,114445,113329,112602,111694,110636,109829,108571,107311,106120,104639,103429,102542,101843,100716,99963,99616,99928,99981,99921,99640,99055,98275,97747,98044,98055
07111,"Koblenz, kreisfreie Stadt",109567,109738,109868,109481,108583,108589,108427,108646,108421,107910,107430,106875,107132,107396,107606,107636,107954,109600,110284,110896,111868,112708,112767,112768,112616,111773,111843,113294,113346
07131,Ahrweiler,125047,125937,127126,128009,128397,128857,129481,130057,130130,130151,129587,128585,128106,127464,126963,126288,125951,125812,126051,126567,127668,128328,128761,129549,129882,130250,127891,127881,128546
07132,Altenkirchen (Westerwald),134751,135726,136216,136649,137052,136779,137175,136885,136720,136287,135779,135066,134185,133018,132066,131104,129962,129183,128408,128280,129240,129047,128895,128826,128943,129242,129434,131657,132149
07133,Bad Kreuznach,155598,156035,156704,156966,157088,157578,157845,158049,158391,158748,158321,157813,157473,156663,155845,155547,155404,155549,155783,156673,157793,158607,159006,159780,160288,160932,161831,163979,164564
07134,Birkenfeld,90292,90848,90685,90328,90066,90210,90109,89832,89363,88640,87660,86876,86331,85071,84047,83082,82323,81189,80780,80752,80830,81067,81050,81095,81380,81313,81385,82350,82622
07135,Cochem-Zell,65216,65365,65627,65772,65968,66135,66373,66554,66661,66709,66416,66009,65633,65302,64739,64307,63890,61029,60666,61725,61970,61338,61031,60851,60534,60631,60683,61509,61538
07137,Mayen-Koblenz,204596,206505,207711,208773,209946,211076,212632,213364,213585,214323,214051,213644,213376,212558,211559,210773,210246,209839,209393,209854,211142,211989,212379,212888,212867,213024,213488,216056,216874
07138,Neuwied,178468,180162,181982,183014,183910,184258,184982,185629,185713,186018,185229,184486,183584,182502,181455,180956,180497,179854,179539,179444,180824,181748,181909,182237,183149,183511,184813,187905,188656
07140,Rhein-Hunsrück-Kreis,103523,104226,104680,104951,105257,105621,105854,106303,106401,106405,106056,105422,104657,104025,103316,102605,101639,103359,103128,101992,102592,103105,103033,103048,103290,103543,103925,105740,106390
07141,Rhein-Lahn-Kreis,127454,127861,128176,128518,128950,129079,129605,129680,129482,129018,128091,127213,126253,125472,124469,123595,122609,121882,121462,121618,123717,122771,122642,122613,122645,122966,123159,124860,125283
07143,Westerwaldkreis,196204,198191,200078,200999,202326,202820,203783,204312,204883,205261,204966,204172,203542,202472,201262,200451,199691,198931,198863,199369,200619,201423,201515,202152,202538,203543,204624,207154,207648
07211,"Trier, kreisfreie Stadt",99594,99944,99912,99899,100168,99715,100356,100594,100568,100578,100286,103989,104386,105166,105141,105841,106284,105736,105617,106048,111682,106071,105165,104980,105064,103402,102490,103307,103986
07231,Bernkastel-Wittlich,113570,114122,114305,114264,114367,114576,114736,115093,115021,115312,114944,114512,114150,113621,112773,112365,112308,110669,110316,110490,111173,111188,111152,111117,111174,111212,111558,113299,113327
07232,Eifelkreis Bitburg-Prüm,96451,96944,97101,97158,97128,97440,97368,97247,97087,97087,97396,96911,96810,96507,96161,95864,95751,95603,95471,95378,95807,96305,96153,96158,96312,96966,97526,99866,100740
07233,Vulkaneifel,62989,63530,64098,64724,64733,64810,64947,64764,64848,64537,64290,63845,63537,62965,62594,62112,61533,60857,60332,60126,59929,59675,59407,59088,58915,58544,58718,59389,59542
07235,Trier-Saarburg,134238,134841,135675,136664,137599,137906,138518,139185,139656,140016,140362,140722,141493,141711,142018,142210,142494,143453,143456,143906,146237,145631,145889,145862,145874,146569,146762,149015,149056
07311,"Frankenthal (Pfalz), kreisfreie Stadt",48266,48486,48643,48338,48038,47571,47617,47472,47319,47254,46945,46641,46775,46616,46524,46426,46617,46940,47142,47439,47983,47970,47848,47897,48003,47896,47824,48007,48107
07312,"Kaiserslautern, kreisfreie Stadt",101231,100650,100287,99533,98740,98412,98252,97799,97296,97255,96316,95860,95457,94995,96705,96486,96963,97029,96996,97133,98188,98887,99187,99265,99367,98916,98463,100316,100571
07313,"Landau in der Pfalz, kreisfreie Stadt",39711,39957,39942,40300,40591,40882,40827,41112,41196,41493,41678,42676,42669,42593,42557,43156,43476,43627,43797,44423,45306,45936,46207,46578,46768,46558,46778,47455,48202
07314,"Ludwigshafen am Rhein, kreisfreie Stadt",165481,164895,163642,161813,160624,158772,158682,158345,158430,158663,158308,158210,158113,157488,157046,157743,158637,160143,161446,163724,164574,166441,168281,170809,171965,172233,171785,173869,175816
07315,"Mainz, kreisfreie Stadt",183732,184766,186152,185988,183154,182893,185318,186130,185561,186092,194405,196460,198155,197662,197819,199280,201002,202844,204443,207254,210130,213966,215636,217731,219279,217912,218432,221516,223871
07316,"Neustadt an der Weinstraße, kreisfreie Stadt",53619,53613,53557,53605,53605,53608,53484,53526,53545,53472,53178,53028,53177,53123,52962,52264,52322,52157,52178,52231,52555,52654,52686,52370,52375,52306,52380,52759,52709
07317,"Pirmasens, kreisfreie Stadt",48533,47946,47420,46691,46068,45537,45176,44751,44384,44080,43609,42929,42406,41919,41398,41004,40655,40144,39854,39676,39631,39799,39891,39539,39243,39065,38819,39324,39576
07318,"Speyer, kreisfreie Stadt",49576,49410,49535,49647,49704,49614,49779,49965,50041,50126,50265,50398,50408,49650,49516,49548,49712,49629,49470,49449,49743,49875,50120,49432,49480,49524,49213,49881,49874
07319,"Worms, kreisfreie Stadt",79348,79758,79734,79493,79251,79141,79294,79669,79547,79586,79770,80326,80293,79932,79565,79406,79526,79794,80429,81210,82368,82928,83480,83796,84074,84058,84515,85378,86403
07320,"Zweibrücken, kreisfreie Stadt",36229,35995,36014,35897,35807,35896,35992,36055,35746,35740,35476,35116,35009,34831,34431,34282,34161,33949,33853,33665,33798,33851,33577,33401,33269,32962,32936,33264,33355
07331,Alzey-Worms,116857,118653,120411,121645,123354,124448,125592,126416,127109,127175,126713,126468,126131,125702,125240,125266,125109,124933,124732,125277,126313,126996,127077,127562,127765,128553,128927,129893,130794
07332,Bad Dürkheim,130154,131131,131894,132422,132844,133075,133496,133851,133876,134052,134040,133484,133130,132298,131707,131344,130920,130880,130948,131390,132016,132726,132459,132333,132297,132583,132739,134032,134221
07333,Donnersbergkreis,76393,76883,77400,77952,78410,78568,78922,79139,79428,79545,79068,78578,78150,77638,76875,76197,75822,75385,74946,74593,74738,74588,74363,74239,74340,74431,74338,74854,74728
07334,Germersheim,118643,119807,121282,121849,122681,123008,123994,124251,124401,124865,124753,124878,125243,124992,124338,124162,124294,124902,125460,126305,127355,128270,128554,129165,129116,129122,129442,130935,131678
07335,Kaiserslautern,108829,109951,110027,110141,110280,110255,110372,110324,110222,109844,109422,108598,108123,107454,106424,105717,104910,104219,103669,103616,104070,104384,104305,104489,104187,104304,104613,105752,106082
07336,Kusel,79568,79772,79833,79739,79461,78990,78863,78471,78055,77600,76985,76280,75375,74514,73861,73184,72458,71644,70855,70518,70510,70291,70034,69675,69246,69010,68733,70124,69846
07337,Südliche Weinstraße,106678,107454,107970,108095,108767,109088,109380,109936,110158,110546,110221,109767,109487,109128,108610,108453,108300,108777,109076,109810,110626,111010,110773,110532,110722,111009,111530,112907,113150
07338,Rhein-Pfalz-Kreis,142960,144039,145005,145055,145719,146151,146485,147073,147207,147579,147687,147896,147835,147641,147214,146880,147341,148001,148912,149816,151233,152652,153160,153654,153984,154050,154268,155061,155525
07339,Mainz-Bingen,186917,188840,190028,191084,192326,193342,195184,196777,197788,199002,199302,199680,200119,200004,200103,200756,201264,201392,201679,202025,205431,205036,204808,205082,204781,204059,204125,205823,206220
07340,Südwestpfalz,105158,105696,105804,105799,105680,105325,105213,105105,104663,103946,103232,102430,101509,100416,99509,98786,98008,96748,95734,95113,94745,93796,92880,92087,91373,91022,90496,90144,90168
08111,"Stuttgart, Stadtkreis",579501,578420,577137,572807,572272,572687,574946,575254,574921,575400,576295,576632,578868,580742,581303,585228,591015,596046,600511,606762,616166,618567,621384,621578,620766,613267,607344,612041,613111
08115,Böblingen,348879,352074,353300,355983,358468,361048,363534,365683,366666,366743,366427,366142,366311,366025,364456,363878,364458,366557,369090,372326,378677,382633,385643,387084,387600,387040,386686,391368,394261
08116,Esslingen,486830,488955,488679,489677,492261,494544,498661,502260,503772,504757,505340,504647,504485,504072,502978,503143,504961,507960,511044,514927,521657,525705,528742,529537,530084,528060,527213,533434,536027
08117,Göppingen,253892,254139,253181,253240,253951,254388,255028,255647,255647,255214,254286,253252,251873,250681,249151,247959,247194,247418,247979,248866,251081,252533,253842,254333,254808,255027,254875,257269,259232
08118,Ludwigsburg,483396,484943,485760,488038,491385,493300,498359,501767,504000,505743,506824,507099,507841,508187,508758,509463,512086,515026,518189,521211,527186,529292,532298,531930,531647,529473,527459,532109,534808
08119,Rems-Murr-Kreis,396779,398909,399992,400873,403318,405012,408285,410701,411182,411621,411465,410988,410120,408855,407906,407269,407150,409344,412058,415566,421522,425281,427977,429774,431380,431935,432481,438079,440103
08121,"Heilbronn, Stadtkreis",119452,119157,118245,116927,116098,115535,116050,116227,115906,116178,116129,115557,115457,115585,115560,115681,116716,117676,118412,120277,123148,124497,125984,126976,127753,127765,127065,129931,131653
08125,Heilbronn,301996,305545,308596,311598,315049,318174,321009,322942,324000,325073,325457,325680,325750,324939,323997,323054,323168,324372,325693,328737,333704,336716,339746,341871,343088,344824,346088,351402,353609
08126,Hohenlohekreis,103902,104738,104900,105462,106188,106938,108030,108555,108716,108643,108531,108456,108565,108090,107544,107355,107200,107452,107773,108677,109996,110457,111114,111685,112284,112348,112854,114553,115335
08127,Schwäbisch Hall,180097,181817,182576,183133,183900,184718,185864,187034,187276,187662,188109,187784,187634,187412,186856,186490,186427,186548,186921,187833,190093,191056,191921,193198,193718,194437,195594,198650,200597
08128,Main-Tauber-Kreis,136220,136484,136131,135960,135970,135776,136111,135770,135844,135989,135396,134316,133291,132726,131882,130905,130431,129665,129502,129767,131471,131387,131124,131079,130979,131087,131181,132793,133459
08135,Heidenheim,136489,136795,136486,136033,135514,135462,135403,135168,134410,133672,132972,131824,130972,130158,129101,128226,127691,127584,127898,128821,130429,131376,131859,132301,132581,132592,132713,134766,135241
08136,Ostalbkreis,310035,311003,310562,311176,311527,312229,313196,314167,314305,314370,313895,312616,311400,310173,308547,306972,306425,306185,306335,307308,311454,310092,310629,311910,311634,311604,312020,316343,317263
08211,"Baden-Baden, Stadtkreis",52189,52347,51931,51713,51701,51711,51973,52439,52642,52912,53100,53281,53186,53018,52642,52501,52424,52500,52843,53088,53821,53884,54210,54531,54508,54687,54681,56094,56526
08212,"Karlsruhe, Stadtkreis",274192,275443,274574,274289,274707,275812,276582,278088,279099,280418,281268,282082,284423,285992,286965,289518,291995,295844,298725,299485,307000,309055,310786,311770,310549,306737,304614,306630,308197
08215,Karlsruhe,403486,405947,407369,409793,412580,415321,418334,420765,421761,422539,423445,423808,424591,424069,423909,424189,424510,426994,428961,430978,435392,439776,441999,443446,444203,445842,447364,453378,455350
08216,Rastatt,217700,218721,219433,220261,221392,220978,221745,223118,223677,224344,224989,224373,224083,223051,222638,222302,222201,222083,222532,223519,225917,226960,227880,228292,228305,228587,228402,230698,231356
08221,"Heidelberg, Stadtkreis",138449,138481,139498,138787,139118,139650,140845,141855,142184,142293,142107,143693,144314,144590,145359,146149,148415,149635,150712,152614,153466,156413,156399,155453,155883,152439,152242,154570,155175
08222,"Mannheim, Stadtkreis",304890,304747,301939,299300,297060,294993,295582,294889,293416,291495,290829,289776,290590,291070,290630,290768,291458,294573,296582,299682,305564,304511,307674,308993,310227,309236,311292,314961,316256
08225,Neckar-Odenwald-Kreis,145767,146576,147006,147069,147246,147563,148060,148751,148551,148593,147920,147145,146526,145548,144397,143452,142435,141806,141501,141527,142771,143072,143128,143246,143303,143426,143516,145039,145681
08226,Rhein-Neckar-Kreis,508646,511306,512453,513889,515623,517063,520199,522378,522786,523292,523864,523457,523593,523255,523619,524330,525204,527375,531188,534992,542210,544838,547271,548238,549056,549022,549906,556316,557819
08231,"Pforzheim, Stadtkreis",117264,116954,116080,115357,114728,114407,115003,115536,115547,115098,115022,114908,114925,115091,114790,114533,115211,116975,118853,120940,124446,126242,127587,129390,130355,130964,131026,133896,135087
08235,Calw,155560,155443,155117,154899,155599,155994,156881,157746,157751,157488,156757,155760,154793,153582,152665,151612,150990,150462,150968,152026,154372,154726,155944,156670,157227,157928,158219,160139,161181
08236,Enzkreis,186142,187063,187708,189048,190473,191624,192533,193387,193815,194408,194630,194260,193447,193193,192320,191568,191461,191766,192159,192750,194762,195616,196413,196623,196948,196818,196977,198950,199878
08237,Freudenstadt,118223,118115,118270,118839,119491,119118,119795,120231,120168,120049,120063,119602,119035,118285,117492,116576,115220,115081,114845,115225,116337,116822,117612,118117,118451,118598,119443,121450,121901
08311,"Freiburg im Breisgau, Stadtkreis",195207,195649,195097,194880,195678,197647,200161,201424,203007,203832,205122,206026,207231,206788,208369,209959,214234,217940,220079,221893,225980,227073,229016,229517,230368,230010,230814,235003,236236
08315,Breisgau-Hochschwarzwald,229233,231586,233208,234807,236093,237598,239830,241862,243254,244384,245251,245462,245364,245045,245063,245644,246437,247682,250079,252663,257228,260272,262232,262593,263370,264608,265504,269631,271977
08316,Emmendingen,145864,146793,147565,148212,149482,150398,151845,153305,153867,154684,155250,155695,155966,155912,155944,156402,156723,157127,157633,158892,160994,161891,163080,163479,164232,164414,165225,168004,169470
08317,Ortenaukreis,397097,398884,399475,400616,402213,404393,407418,408596,409540,410314,410979,411203,411645,411164,410479,410385,410408,411598,412475,415334,419700,422851,425323,428768,430141,431666,433520,440768,443482
08325,Rottweil,138216,138838,138974,138966,139414,139538,140305,140724,140623,140537,140206,139702,139366,138767,137880,136767,136049,135314,134842,135196,136545,137134,137426,137785,137969,138018,138060,139968,140344
08326,Schwarzwald-Baar-Kreis,208218,208320,208293,208256,208589,209229,210101,210601,210384,210187,209694,208889,207880,206760,205226,204401,203978,204141,204201,204783,207871,207862,208541,209270,208951,208873,208941,212293,213922
08327,Tuttlingen,128942,129811,130061,130682,131359,131910,132769,133218,133334,133663,133834,133736,133660,133403,132883,132268,132192,132366,132977,134276,136165,137567,138735,139379,139883,140689,141310,143677,144955
08335,Konstanz,255318,256514,257469,258155,258956,260039,262158,264114,265148,265720,265757,265259,265069,265630,266387,267256,268263,270299,272870,274979,279213,280848,282403,283445,284156,284458,285411,289613,291397
08336,Lörrach,211084,212248,212791,213487,214381,215273,217074,218275,218677,218095,218590,218847,219415,219310,218942,219018,219481,220808,222348,224299,227517,228556,229528,230055,230354,230662,231468,235252,237212
08337,Waldshut,162537,163232,163245,163433,163653,163498,164536,165155,165216,165294,165170,164933,164833,164365,163754,163379,163141,163454,163775,164476,166881,167627,168728,168904,169043,169032,168799,170765,171777
08415,Reutlingen,270047,271275,272002,272187,273321,274309,275156,276257,276999,276753,276688,276195,275549,274714,274226,273895,273646,274658,275953,277933,281982,283918,285557,286518,286771,287202,287830,291335,293385
08416,Tübingen,201465,202040,201783,201912,202859,203947,206052,207570,208525,209578,209803,210081,209974,210766,212439,212544,212800,214729,216205,217860,221177,223810,224764,226175,227357,226985,228155,230987,232897
08417,Zollernalbkreis,192161,192049,191603,191639,191752,191607,191795,192178,191752,191209,190854,190153,189429,188075,187002,185941,185129,184612,184522,186221,188410,187170,187892,188611,188993,189446,190082,192726,193339
08421,"Ulm, Stadtkreis",114049,114070,113399,113193,113316,114167,115003,115532,115905,115927,116166,116187,116418,116353,116513,116949,117541,117886,119037,120442,122274,123500,125053,125695,126066,125590,126044,127932,128998
08425,Alb-Donau-Kreis,179387,180572,181133,181921,183266,184240,185156,186148,186949,187412,187774,187576,187446,187483,186810,186443,186444,186925,187495,188534,191311,192326,193439,194658,195489,196419,197748,200294,201769
08426,Biberach,175072,176962,178163,179447,180493,181969,183449,184789,185856,186511,187067,187253,187440,187556,187571,187389,187508,187616,188434,190045,193495,195551,197480,198826,200235,201072,201935,205073,206783
08435,Bodenseekreis,191515,192904,193536,194229,195638,196556,198084,199347,200182,200812,201628,201775,202464,203232,202937,203356,204483,205564,206892,208548,211084,211674,212980,214273,215237,215388,216093,219641,221208
08436,Ravensburg,259324,261076,261431,262582,263611,264880,266328,267676,268730,269774,270019,269888,270105,269755,269290,269539,270129,272105,272900,274380,278017,280028,281345,282046,282865,283010,283813,287393,289725
08437,Sigmaringen,129987,130447,130902,131282,131790,132281,132341,132411,132337,132069,131611,131193,130423,129589,128842,127887,127409,127132,126821,127297,130213,129576,129353,129894,129730,129688,130327,132507,132758
09161,Ingolstadt,111800,112720,113255,113409,114528,115394,116953,118028,119111,119710,120837,121660,122518,123358,123791,124462,126076,127635,128633,130248,131432,132382,133735,135221,135380,134689,135501,138263,139536
09162,"München, Landeshauptstadt",1232755,1221591,1201103,1183474,1188535,1203595,1220727,1226859,1239437,1240138,1250036,1284365,1300727,1315359,1318389,1340533,1364920,1386310,1403841,1423591,1442390,1454312,1444053,1457524,1468244,1470222,1467731,1490516,1488719
09163,"Rosenheim, Stadt",58383,58282,58070,57627,57826,57924,58236,58657,58735,58766,58794,58873,59063,59011,59087,59420,59543,59866,60325,60681,61567,62326,62664,62839,62997,62968,62815,63641,64453
09171,Altötting,105462,106215,106500,106746,107191,107439,108118,108610,108555,108236,108020,107507,107416,106749,106395,106127,106342,106378,106692,107055,107939,108739,109519,110254,110424,110425,110751,112296,113018
09172,Berchtesgadener Land,98474,98500,98203,98065,98494,98983,99682,100281,100636,100997,101328,101069,100967,100667,100460,100737,101263,101575,101747,102077,102709,102982,103255,103625,103533,103631,103394,104372,105108
09173,Bad Tölz-Wolfratshausen,110283,110812,111734,112386,113579,114713,115993,116610,117071,117899,118736,118292,118699,118616,118875,119311,119733,120623,122036,123218,124767,125464,126327,126941,127590,127845,127511,129062,129787
09174,Dachau,122063,123625,124778,126095,127837,129398,131182,132091,132800,133277,134165,134735,136028,136544,137409,138263,139921,141481,143327,144659,147210,148139,149462,150103,150578,150256,150048,151041,151925
09175,Ebersberg,109638,110888,112241,113902,115519,117790,119353,120461,120896,121585,122478,123547,124806,125403,126136,127340,128870,130591,132166,133612,135739,136914,138277,139199,140285,140307,140357,142205,143011
09176,Eichstätt,112417,113516,114692,115670,117718,118778,120177,121541,121975,122113,122094,122535,123138,123459,123275,123520,123961,124913,125605,126810,128300,130176,130888,131456,131870,132032,132370,134201,135220
09177,Erding,104090,106276,108271,110246,112762,115171,117111,118308,119591,121076,121977,122516,123619,124217,124974,125545,126676,128013,129687,131012,132644,134050,135230,135730,135976,136409,136865,138647,139547
09178,Freising,139945,142085,144161,145853,147917,150333,153243,154828,155628,156675,157784,159401,161462,162172,161894,162606,164232,166026,168489,169576,172183,174501,176434,177293,177923,177969,178539,181568,183535
09179,Fürstenfeldbruck,185225,185885,186356,187382,189311,191240,193849,195203,195638,196376,197089,197500,198117,198646,199762,201002,203029,204639,207163,208614,211262,214084,214503,215438,214874,213748,213033,215511,216912
09180,Garmisch-Partenkirchen,85120,85028,84985,85091,85147,85400,86124,86318,85943,85408,85639,85104,84946,84445,84165,84089,84234,84745,85513,86036,87525,88052,88364,88711,88703,88593,88581,89224,89322
09181,Landsberg am Lech,99100,100154,101075,102378,103471,105101,106695,108035,109236,110138,110861,110988,111940,112292,112610,113026,113539,113916,114312,115197,116429,117190,117298,117921,117845,118255,118395,119654,120966
09182,Miesbach,88095,88594,88715,89043,89760,90654,91629,92168,92415,92578,93515,93500,93631,93514,93666,93732,93971,94324,95178,95467,96545,96651,96577,96678,96527,96265,95624,96557,96730
09183,Mühldorf a.Inn,104736,105351,105624,105660,106145,106542,107618,108279,108373,108297,108110,107627,107364,106900,106733,106581,106803,107403,109307,110416,112194,113422,114725,115529,116191,116842,118005,120317,121263
09184,München,277069,278583,280151,282639,286472,291694,296006,298550,299081,301336,303911,306001,309647,311405,313112,316231,320855,325213,328919,331206,337878,340749,343246,345153,346224,344904,344525,350047,352771
09185,Neuburg-Schrobenhausen,85745,86506,87017,87520,88160,88753,89719,90263,90495,90623,90508,90230,90310,90391,90417,90514,90973,91586,92306,92915,93867,94775,94983,95302,95728,95959,96535,97792,98967
09186,Pfaffenhofen a.d.Ilm,105131,106290,107320,108227,109886,111078,112466,113183,113737,114576,114949,115101,115440,115704,115916,116243,116973,118027,119342,120627,122839,123474,124310,124895,125649,126228,126549,128537,129497
09187,Rosenheim,223119,225022,226825,228171,230823,233560,236920,239278,239997,241150,242809,242315,243268,243224,243509,244197,245264,246075,247694,248676,251842,252176,253100,253576,252865,252198,252786,255306,256815
09188,Starnberg,118574,119053,119431,120299,121463,123216,124690,125422,125508,125910,126560,126100,126668,126856,126846,126961,128111,129503,130757,131792,133513,134597,135383,135903,136451,136367,136477,138488,138926
09189,Traunstein,162323,163603,164306,164961,165751,166633,167721,168402,168974,169067,169432,168874,168888,168843,168771,168586,168827,168574,168583,169307,170600,170979,170947,170856,170195,169471,169542,170984,172021
09190,Weilheim-Schongau,120161,121511,122570,123575,124655,125928,127353,128378,128865,129145,129448,129092,129533,129042,128880,128840,129060,129441,130133,130809,132398,133224,133490,134459,134462,134991,135372,136811,138052
09261,"Landshut, Stadt",59224,59106,58607,58428,58524,58756,59523,60086,60294,60558,61382,61938,62645,62622,62752,63276,64277,64712,64958,65678,66770,66973,67531,68131,68528,67572,67046,68743,68741
09262,"Passau, Stadt",50360,50186,49768,49483,49416,49574,49619,49673,49458,49225,49251,49157,49166,49055,48877,48757,48623,48897,49173,49530,50004,50371,50938,51485,51679,51150,51688,52361,52894
09263,Straubing,44240,44456,44324,44010,43869,43973,44271,44316,44421,44627,44573,44441,44558,44425,44418,44372,44642,44898,45100,45424,46002,46137,46380,46387,46183,45803,45844,46953,47524
09271,Deggendorf,111831,112506,112951,113443,114110,114237,115145,115412,115318,115517,115608,115515,115474,115035,114496,114532,114690,114548,115005,115145,115858,116678,117634,118034,118002,117818,118676,120091,121137
09272,Freyung-Grafenau,81578,81457,81702,81814,81973,81915,81986,81857,81702,81267,80826,79968,79577,79147,78740,78301,78130,77714,77420,77619,77711,77666,77728,77635,77539,77430,77604,78155,78512
09273,Kelheim,103908,105706,106644,107572,108463,109226,110608,111715,112485,112552,112824,112488,112623,112629,112555,112605,113191,113903,115045,116215,118591,119502,120558,121604,122310,122549,122964,124673,125597
09274,Landshut,133079,134727,136724,137847,139829,141614,143601,144913,145803,146607,146897,146710,146931,147083,146845,147202,147758,148451,149495,150587,152934,153389,154775,155824,156610,157495,158225,160256,161180
09275,Passau,181201,182202,182853,183317,184227,184970,185676,186271,186574,186928,186903,186095,185943,185306,184795,184408,184531,184552,184965,185225,186924,187139,188386,189572,189832,190277,190560,193080,194068
09276,Regen,81668,81763,81872,81727,81650,81548,81669,81416,80935,80481,80014,79258,78618,78071,77574,77113,76525,76281,76160,76120,76619,76945,77199,77317,77023,76878,76692,77503,77439
09277,Rottal-Inn,114964,115730,116073,116482,117084,117586,118473,118729,118990,118935,118753,118046,117849,117618,117101,116843,116849,117021,116823,116917,117555,117539,117877,117750,118177,118059,118096,119864,120475
09278,Straubing-Bogen,90460,91180,92246,92945,93748,94393,95109,95899,96404,96690,96562,96422,96421,96236,96087,95970,96140,96586,97161,97724,98482,98816,99351,100081,100471,101015,101587,102914,103329
09279,Dingolfing-Landau,86341,87653,88502,89105,89723,90107,90721,91369,91512,91460,91243,90940,90736,90329,89845,90141,90567,91195,92420,93233,93814,94673,95396,95710,96103,96592,97320,99509,100727
09361,Amberg,43137,42631,42536,42389,42577,42925,43268,43415,43489,43407,43353,43050,42793,42557,42134,42095,41790,41537,41509,41411,41696,42142,42000,41681,41877,41681,41581,42080,42217
09362,"Regensburg, Stadt",125775,125246,125003,124760,125134,125564,127075,127896,128461,128764,129695,131168,132311,133331,134013,135305,136352,137393,138470,139583,141853,144123,145475,146288,145869,144142,144511,147509,149664
09363,Weiden i.d.OPf.,43137,43238,43197,43042,42897,42920,42951,42691,42544,42625,42512,42326,42265,42029,41858,41751,41734,41611,41580,41599,41764,42130,42106,42010,42160,41880,41744,42251,42430
09371,Amberg-Sulzbach,105293,106115,106663,107300,107863,108343,108476,108387,108178,108026,107350,106824,106159,105264,104716,104119,103597,103278,102926,102823,103272,102639,102391,102590,102456,102331,102536,103621,104127
09372,Cham,128790,129038,129420,129666,129820,129791,130058,130151,129905,129609,129061,128188,127569,126942,126235,125946,125504,125371,125055,125096,125362,125672,125844,126138,126005,125851,125952,127452,128230
09373,Neumarkt i.d.OPf.,120198,121536,122640,123538,124794,125780,126669,127331,127875,127922,127756,127619,127524,127113,126978,126645,126746,127037,127611,128652,129954,131123,131998,132807,133711,134255,134985,136901,138214
09374,Neustadt a.d.Waldnaab,99438,99641,100006,100409,100435,100678,100679,101050,100509,100025,99596,98981,98461,97850,97185,96574,96094,95830,95408,95126,95001,94432,94370,94217,94296,94472,94645,95742,96209
09375,Regensburg,165756,168195,169687,171437,173354,175225,177176,178394,179282,180258,180968,181087,181343,181358,181514,182189,183161,183752,184797,185430,187023,187522,188650,189430,189336,188949,189308,191651,193801
09376,Schwandorf,139808,140691,141515,142073,142681,143199,144213,144581,144597,144708,144539,144188,143853,143091,142717,142529,142630,142608,142382,142597,143508,143687,144453,144816,145160,145426,145849,147982,148698
09377,Tirschenreuth,80567,80677,80601,80643,80492,80072,79890,79452,78975,78506,77843,77210,76677,76089,75480,74952,74483,73958,73528,73356,73455,73095,72942,72752,72329,72014,72002,72561,72545
09461,"Bamberg, Stadt",69823,69908,69658,69280,69289,69350,69739,70097,70299,70454,70538,70059,70398,70531,70398,70603,70712,70360,70162,70444,71320,73229,74163,74073,73351,72149,72722,74405,75087
09462,"Bayreuth, Stadt",72499,73072,72971,72932,73105,73205,73484,73437,73611,73255,72617,72037,71545,71297,70851,70872,71214,71314,71237,71098,71477,72226,72993,73483,73441,72538,72232,72661,73074
09463,"Coburg, Stadt",44174,43898,43735,43407,43307,42794,42839,42674,42305,42134,42005,41697,41345,41382,41246,41149,40991,40911,40771,40728,40812,40515,40568,40470,40182,39841,39842,40618,40907
09464,"Hof, Stadt",52210,51877,51274,50872,50500,50045,49894,49327,48799,48213,47710,47115,46604,46072,45513,44956,44511,44415,44430,44187,44476,44953,45675,45609,45458,44760,44666,46151,46484
09471,Bamberg,136760,138043,139141,140291,141407,142065,142772,143514,143877,144412,144378,144518,144446,143993,143883,143624,143746,143590,144088,144190,144896,145200,145573,145907,145815,145981,146012,147269,148017
09472,Bayreuth,107359,107880,108055,108514,108662,108868,108969,108999,109078,108869,108351,107860,107229,106509,106022,105612,105227,104756,104347,104180,103726,103151,102934,102640,102503,102373,102197,103106,103269
09473,Coburg,91005,91579,91823,92104,92149,92073,92014,92004,91837,91553,91078,90523,89966,89209,88634,87868,87404,86755,86217,85962,85595,85479,85378,85148,84738,84311,84033,84341,84518
09474,Forchheim,109665,110244,110826,111383,111748,112390,112717,113200,113117,113296,113382,113226,113208,113098,113035,112774,112986,113105,112971,113221,113928,114127,114322,114514,114391,114562,114488,115457,116284
09475,Hof,110530,110452,110213,109815,109502,108852,108554,107992,107283,106394,105461,104343,103400,102174,100935,99901,98787,97720,96790,96149,95817,95150,94854,94239,93576,93144,92376,92905,92675
09476,Kronach,76975,76675,76528,76249,75929,75618,75487,75069,74616,74311,73717,72950,72332,71655,70989,70157,69599,68976,68247,67642,67441,67019,66762,66304,65793,65286,64904,65087,65009
09477,Kulmbach,78392,78663,78604,78654,78717,78717,78556,78138,77803,77409,76984,76474,75976,75406,74771,74285,73710,73192,72859,72483,72390,71896,71895,71709,71410,71253,71133,71439,71752
09478,Lichtenfels,70319,70645,70468,70503,70589,70487,70488,70566,70190,69868,69543,68973,68467,68006,67643,67412,67245,67122,66669,66578,66705,66703,66852,66926,66876,66835,66866,67466,67716
09479,Wunsiedel i.Fichtelgebirge,89174,88820,88254,87400,86599,85874,85092,84190,83148,82395,81383,80242,79154,78145,77176,76523,75441,74504,73593,73119,72806,72786,72916,72514,71896,71121,70534,70963,70959
09561,"Ansbach, Stadt",39706,39720,39504,39592,39847,39817,40032,40126,40265,40037,40118,39874,39761,39853,39787,39589,39600,39445,39362,39294,40204,40339,40220,40177,39889,39533,39276,39596,39700
09562,Erlangen,100857,100201,99598,99951,99835,99771,100813,101008,101167,101205,101732,102197,103002,103241,103723,103707,104312,105171,105142,105700,107372,109033,109552,110275,110600,110216,110882,113911,115314
09563,"Fürth, Stadt",108506,108363,109638,109255,109918,110639,111433,111975,112098,112726,113657,113877,114394,114350,114338,114936,116640,118324,119740,121417,124035,125233,126323,127511,128226,127918,128783,131060,131712
09564,Nürnberg,486829,486336,482297,478752,477302,478142,480116,481273,480497,481313,484316,485001,486323,485919,485021,486080,490085,495185,499005,501265,510232,511950,515587,518816,518885,516122,511276,523734,526606
09565,Schwabach,37502,37825,37761,37495,37719,37962,38244,38336,38267,38288,38426,38474,38342,38337,38295,38400,38610,39099,39471,39828,40277,40518,40555,40528,40679,40716,40769,40812,40994
09571,Ansbach,177912,179283,180292,180694,181718,182560,182962,183202,183509,183693,182813,182051,181233,180299,179542,178689,178262,178083,178502,178802,180491,181149,182021,182508,182944,183464,184221,186359,187340
09572,Erlangen-Höchstadt,123837,125014,125944,126791,127585,128288,129041,129686,129831,129764,129542,129782,129808,129973,129875,130205,130747,130953,131464,132008,133040,133270,133691,134354,135071,135640,136584,137981,138581
09573,Fürth,109530,110940,112214,112714,112292,111712,112238,112440,113063,112682,112301,112372,112545,112450,112321,112549,113259,113748,114091,113214,113447,114916,114927,115910,116165,116796,117322,117602,117617
09574,Nürnberger Land,165575,165867,165992,165941,166515,166959,167531,167552,167791,167623,166840,166465,165701,165312,164555,164227,164079,164218,164307,164879,166258,167162,167674,167941,168022,168027,167961,168856,169193
09575,Neustadt a.d.Aisch-Bad Windsheim,95073,96010,97073,97617,98218,98690,99176,99640,99792,100058,100006,99519,99136,98541,98078,97593,97518,97160,96985,97062,97756,98089,98149,98624,99025,99034,99302,100568,100982
09576,Roth,119337,120280,121123,122102,123104,123756,124493,124771,125173,125169,125081,124640,124535,124067,123545,123363,123120,123057,123209,123557,124696,125008,125434,126180,125860,126168,126409,127472,128438
09577,Weißenburg-Gunzenhausen,94113,94555,94777,94916,95102,95233,95311,95495,95384,95222,94840,94354,93913,93222,92811,92562,92182,91946,91849,91795,92378,92769,92761,92705,92805,92947,93112,94468,94670
09661,"Aschaffenburg, Stadt",65995,65726,66332,66450,66420,66923,67631,67891,67756,67791,67669,67630,67551,67591,67506,67401,67470,67646,67773,68061,68844,69010,69715,70279,70718,70539,71026,72054,72554
09662,"Schweinfurt, Stadt",55414,55388,55036,54629,53998,53761,53952,54003,53883,53697,53452,53098,52874,52613,52507,52337,52118,51995,51644,51300,51556,52208,52817,53309,52600,52390,52552,53539,53938
09663,"Würzburg, Stadt",124743,123992,122989,121759,123096,123287,124810,126052,126731,127158,127099,127681,127555,125418,124687,124865,124449,124892,125327,125163,126132,127583,128523,130082,130451,129786,130079,131271,131759
09671,Aschaffenburg,170617,171818,172550,173026,173816,174010,174680,174975,175334,175535,175111,174689,174323,173870,173162,172847,172351,172002,171644,171056,171402,170637,170529,170194,169613,169498,169231,170651,170856
09672,Bad Kissingen,109185,109629,109658,109523,109366,109276,109441,109321,108860,108536,107912,107187,106543,105680,104837,104202,103653,102990,102596,102498,102568,102428,102458,102277,102159,101959,102109,103088,103447
09673,Rhön-Grabfeld,85763,85859,86087,86230,86233,85682,85705,85715,85644,85466,84745,83880,83158,82293,81756,81145,80469,80122,79760,79369,79314,79344,79182,78974,78817,78590,78353,79216,79430
09674,Haßberge,86922,87305,87609,87938,88236,88361,88250,88126,88067,87676,87391,86834,86234,85658,85109,84727,84440,84069,83776,83681,83953,83588,83523,83501,83129,82863,82715,83258,83673
09675,Kitzingen,87202,87634,88127,88206,88423,88649,88736,88936,89068,89065,89010,88856,88741,88393,88078,87753,87731,87656,87611,87764,88335,88534,88972,89209,89212,89511,89552,90576,91197
09676,Miltenberg,128343,129206,129992,130286,130771,131411,131532,131745,131738,131747,131593,130923,130548,129906,129319,128626,128122,127654,127330,127072,127287,127095,126746,126729,126426,126136,125886,126649,127204
09677,Main-Spessart,131429,131730,131834,131899,131987,131982,132173,132358,132052,131729,131174,130632,130099,129387,128582,127704,127154,126327,125956,125407,125446,125455,125507,125180,124804,124453,124412,125270,125814
09678,Schweinfurt,113904,114615,115154,115723,116367,116654,116966,116968,116761,116495,116047,115304,114795,114185,113579,113164,112991,112648,112590,113121,113978,113780,113853,113646,113776,113774,114048,114749,114404
09679,Würzburg,153818,155192,156191,157251,157894,158082,158398,158856,158771,158939,158761,158928,159391,158827,158441,158190,158128,157562,157653,157862,158573,158723,158559,158589,158594,158525,158899,160240,160879
09761,"Augsburg, Stadt",260450,259334,257627,255737,256119,256360,259339,260859,260970,262285,264680,264641,265246,265692,266151,267338,269402,272306,275755,279931,284801,287617,290491,292381,293435,292290,292544,296706,298972
09762,Kaufbeuren,42670,42521,42001,41683,41642,41763,42091,42497,42400,42236,41976,41725,41810,41720,41622,41571,41460,41540,41698,41923,42610,42983,43296,43681,44156,44390,44815,45459,46071
09763,Kempten (Allgäu),62219,62261,62259,62205,62284,62419,62629,62826,62815,62981,62858,63072,63388,63914,63880,64026,64300,64186,64166,64308,65192,65335,65697,65835,65640,64991,64665,65229,65933
09764,Memmingen,40649,40740,40935,40861,41089,40955,41217,41257,41268,41336,41261,41275,41194,41233,41278,41227,41242,41355,41379,41612,42055,42311,42291,42462,42528,42592,42756,43696,44048
09771,Aichach-Friedberg,117449,118561,119204,119871,121046,122397,123556,124511,125609,126057,126186,126193,126368,126221,126284,126302,126720,127050,128035,128694,130116,130399,131395,132195,133054,133223,133537,135133,136430
09772,Augsburg,225745,228366,230295,231724,233621,234867,236839,238141,238894,239373,239118,238629,238431,237607,237070,237098,237839,238819,240540,242141,244858,246612,248725,250236,251984,254231,255935,259302,261600
09773,Dillingen a.d.Donau,90819,91767,92275,92857,93475,93769,94430,95000,95411,95620,95505,95117,94752,94320,94001,93530,93212,92969,92824,93020,93964,93793,94243,94953,95341,95798,96459,97430,98474
09774,Günzburg,119534,120253,120602,120823,121261,121538,122087,122544,122910,122602,122414,121794,121650,121122,120574,120403,120134,119971,120378,121350,122516,122702,123564,124633,125754,125909,126844,128361,129696
09775,Neu-Ulm,156761,157016,157068,157405,158124,158791,160151,161175,161963,162305,162108,162137,162697,163253,163603,163783,164388,165260,166624,167818,170271,170963,172489,174133,175128,175737,177235,180320,182560
09776,Lindau (Bodensee),75403,75613,75813,76053,76160,76386,77065,77389,77727,77918,78420,78620,78961,78783,78549,78394,78455,78503,78663,78973,79877,80271,80319,80702,80876,80842,80949,81874,82224
09777,Ostallgäu,126967,127388,128245,129275,130481,131360,132186,132976,133545,133952,134495,134264,134158,133791,133732,133526,133607,133643,133821,134469,135809,135890,136428,136991,137382,137632,138486,140153,141137
09778,Unterallgäu,130128,130922,131452,131830,132710,133640,134844,135218,135716,135763,135607,135592,135784,135449,135160,135233,135597,135775,136269,136889,137988,138127,138898,139788,140480,140695,141700,143384,145298
09779,Donau-Ries,127345,127938,128070,128398,128607,129340,129762,130212,130553,130424,130205,129509,129175,128642,128226,127864,128072,128633,128810,129285,130121,130768,131206,131353,131334,131569,131925,133770,134677
09780,Oberallgäu,144295,144649,144828,145440,146149,146778,147630,148211,148675,149103,149594,149426,149663,149402,149012,148728,148691,148886,149337,149269,150389,150905,151144,151367,151442,151171,151495,152664,153394
10041,Regionalverband Saarbrücken,356712,356406,354217,351523,349756,348658,347475,346423,344425,341482,338643,336050,333117,331754,329348,328006,326996,326622,325946,325556,327316,329513,330054,329596,328586,327358,327124,330672,332416
10042,Merzig-Wadern,105565,105742,105793,105678,105424,105479,105704,105800,105719,105778,105591,105262,105224,104962,104377,103936,103639,103972,104038,104342,105804,106166,106366,106527,106856,107536,107942,109393,109336
10043,Neunkirchen,149901,149817,149201,148085,147422,146752,145901,145474,144641,143733,142609,141378,140261,138718,137291,135888,134957,134214,133451,133365,134194,134557,133985,133008,132325,132204,131993,133544,133667
10044,Saarlouis,214149,213947,213434,210582,210332,209221,209008,208901,208666,207977,206779,205176,203714,201983,199993,198631,197452,197523,197801,198369,200658,201171,201289,201588,201618,201943,202785,205785,206094
10045,Saarpfalz-Kreis,157517,156944,156393,156165,156025,155549,154812,154226,153362,152322,151437,150168,148979,147745,146480,145880,145099,144479,144228,144097,145338,145042,144533,143950,143704,143352,142845,144492,144478
10046,St. Wendel,96301,96398,96117,95849,95499,95296,95116,95008,94701,94558,93962,93159,92624,91778,91006,90434,89712,89225,88749,88549,89279,88940,88447,88073,87780,87328,87136,88005,88056
11000,"Berlin, Stadt",3423453,3402804,3361806,3326875,3306726,3294234,3292505,3288502,3276560,3267917,3267284,3268137,3272361,3279787,3282793,3292849,3326002,3364095,3399575,3436468,3475523,3519195,3546732,3566936,3580474,3563944,3566201,3632853,3662381
12051,"Brandenburg an der Havel, Stadt",86701,85213,83203,81298,79743,78313,77150,76076,75388,74771,74018,73357,72829,72384,72125,71632,71381,71149,71033,71033,71575,71665,71888,72126,72186,72042,72464,73612,73939
12052,"Cottbus, Stadt",128085,125633,123225,119530,115435,112885,110153,107871,106178,104946,103742,102172,101048,99924,99712,100034,99974,99434,98638,98055,97772,98023,98164,96869,95849,94385,93573,94250,94778
12053,"Frankfurt (Oder), Stadt",80551,79485,77550,75326,73405,71662,69796,67796,66416,64602,63065,61868,61201,60475,59771,59434,59063,58374,57691,57159,57439,57377,57257,56730,56445,55546,55046,56434,57065
12054,"Potsdam, Stadt",146224,144577,142000,140314,139759,140275,141448,142478,144152,144821,146638,147809,149770,151844,153425,155666,157603,159205,160966,163288,166740,170554,174203,176331,178325,179851,180642,182987,184290
12060,Barnim,150588,153304,158096,162145,165923,168098,169100,169793,171163,172874,173507,174011,174005,173860,172921,172666,172572,173164,173695,174893,177293,179218,180687,182554,185008,187078,188540,191525,192776
12061,Dahme-Spreewald,144595,147410,150468,154302,156683,158270,158778,159067,159252,160192,160884,160637,160514,160231,160392,160423,160108,160078,160321,161245,163585,164895,165904,167416,168904,171194,173476,176373,177662
12062,Elbe-Elster,136561,135903,135186,134191,132326,130559,128409,126448,124760,123220,121155,118843,116537,114520,112491,110826,109087,107538,105936,104665,104230,103843,102791,101863,100941,100088,99210,99684,98750
12063,Havelland,131754,134117,137434,141273,145039,148144,150260,151301,151857,152468,153338,153622,153468,153145,152883,152685,152915,153218,153721,155179,157931,159303,160252,161374,162385,164006,165142,168494,169721
12064,Märkisch-Oderland,171871,174210,178017,181909,185397,186983,188222,189149,190082,190366,190240,189998,189523,189006,188714,188032,187085,186619,187057,187505,189491,190157,191087,192189,193306,194444,194909,196930,197785
12065,Oberhavel,169875,172931,177513,183052,188141,190969,192763,194035,195586,196976,198505,199505,200056,200237,200677,200920,201199,202007,202703,204434,206905,207865,208965,210166,211676,212841,214248,216849,217290
12066,Oberspreewald-Lausitz,155906,154030,151788,149136,146704,143548,140254,137215,134262,131894,129759,127166,124721,122517,120585,118696,116898,115287,113993,113122,112751,112338,111574,111003,109973,109073,108311,109091,108434
12067,Oder-Spree,189466,191404,193201,194596,194496,193936,192924,191194,189859,188569,187067,185295,183916,182194,180486,179054,177764,176806,176368,177099,181432,177643,176900,176970,176874,177105,176833,179748,180499
12068,Ostprignitz-Ruppin,115363,114888,114814,114230,113203,111753,110593,109617,108558,107287,106314,105010,103885,102752,101593,100620,99753,99073,98839,98729,98900,99152,99053,98711,98441,98336,98304,99294,99372
12069,Potsdam-Mittelmark,167988,172244,178978,186095,191382,195247,197199,198962,199880,201071,201814,202240,202639,202302,202515,202887,203391,204072,204888,206549,209645,210626,211317,212451,214037,215108,216359,219092,220158
12070,Prignitz,101067,100009,98552,97674,96486,95052,93307,91879,90388,88907,87396,86218,84643,83163,81906,80784,79574,78824,78043,77626,77674,77939,77414,76684,76359,76323,75826,76322,76148
12071,Spree-Neiße,147191,148366,149276,148969,148321,146811,144040,141816,139289,137357,134648,132629,130269,127957,125660,123450,121571,120050,118643,117645,117122,116185,114687,113532,112695,111857,110673,111083,110580
12072,Teltow-Fläming,147578,149594,152504,155063,157401,158718,159304,159506,159851,160013,160422,160811,160655,160316,159997,159444,159511,159588,160252,161194,163161,164281,166301,167609,169212,170671,171564,175569,177420
12073,Uckermark,159098,157615,156047,153905,152066,149519,146183,143090,140584,138425,136095,133776,131323,129000,127076,125497,123731,122482,121322,120823,121006,120868,120336,119537,118930,118231,117315,117822,117797
13003,Rostock,226868,220250,211825,206430,202167,199283,197629,196813,196746,197325,197508,197977,198411,198983,199217,200399,201813,202341,202338,202528,203825,204781,205130,205061,204819,204143,202935,203909,204948
13004,Schwerin,113584,109765,106222,103588,101072,99281,97811,96394,95166,94401,93767,93210,92604,92120,91429,91428,91327,91175,91404,91870,96443,95222,95261,95193,94939,94806,94847,97614,97850
13071,Mecklenburgische Seenplatte,317778,316997,315400,313236,310287,306890,302771,298598,294934,291210,287733,283999,279656,275253,271675,269016,266593,263185,260261,258506,258214,256437,254120,251600,249468,248375,246768,247735,247575
13072,Landkreis Rostock,216565,220250,223963,227012,228831,229143,228273,227273,226270,225130,223415,221442,218963,216640,214622,213301,211863,210489,210069,211148,212500,212729,213176,213411,213849,214883,215364,218132,218780
13073,Vorpommern-Rügen,262347,260551,258720,256478,254980,252633,249591,246663,244228,241729,238842,236107,233436,230738,228396,226363,224751,222654,220982,220279,220565,219653,218741,217239,216193,215810,215264,215983,216175
13074,Nordwestmecklenburg,163385,164993,165979,166828,167144,166712,165902,165185,164439,163842,163311,162002,160997,159673,158512,157283,156004,155512,154687,154557,155114,155380,155258,154705,155009,155373,155558,157108,157160
13075,Vorpommern-Greifswald,282047,280130,277422,274472,272135,268888,265164,261336,258765,255809,253598,251378,249386,246763,244528,242644,240971,238288,236179,234689,234347,232360,231049,229677,227600,226748,225423,226324,226181
13076,Ludwigslust-Parchim,232918,235404,238146,239258,240055,238957,237552,235913,233965,231228,228848,226130,223455,220148,217531,215325,213577,211926,211071,211290,212325,210327,209840,209489,208203,207821,207429,209244,209372
14511,"Chemnitz, Stadt",288909,281683,274519,267190,262027,257931,254363,251064,248248,246572,244674,243668,242799,241609,240698,240738,240543,240695,240992,241975,246584,243777,243764,243631,242213,239764,237953,242896,245150
14521,Erzgebirgskreis,432736,430050,427282,423849,419981,414882,409525,404373,399386,394852,389852,384334,378776,373239,368174,363740,359103,354840,350440,348278,345927,341963,337766,334654,331472,328006,324350,324070,322179
14522,Mittelsachsen,375758,375681,375501,373725,370838,366725,362284,357723,353464,349330,345204,340715,336153,331615,327834,323720,320062,316963,314110,311989,311487,309301,306709,304500,302173,299307,296922,297991,297766
14523,Vogtlandkreis,283203,281805,279483,277677,275127,272628,269798,266817,263922,260976,257883,254525,251054,247482,244287,241347,238443,236147,233809,232149,231997,230650,229102,227234,225355,223183,220573,221783,221088
14524,Zwickau,388875,387618,386517,383844,380753,376915,372564,368332,364563,361221,357378,353143,348872,344532,340590,337177,333291,330266,327006,325054,324423,321960,319821,317336,314779,311783,309343,310532,309866
14612,"Dresden, Stadt",496101,488206,480118,473394,471206,471799,472077,473128,475985,479228,486442,495510,497682,501857,506128,511588,517765,524803,530149,535401,542616,545661,549258,552533,554362,553507,552328,559986,563019
14625,Bautzen,372288,371906,370969,369047,365719,361177,355631,351065,346895,343431,339076,334192,329379,324672,320487,316738,313618,310735,308024,306081,305621,303876,301655,299738,298453,296542,294659,295917,294746
14626,Görlitz,341535,338606,335517,331025,325849,320177,312930,307561,302783,298656,293642,288442,284075,279871,275898,271487,267815,264428,261679,259454,259021,257113,255119,253181,250767,248355,245826,246989,245867
14627,Meißen,280821,281401,281951,276812,275294,272868,269806,267123,264916,263062,261019,257761,255178,252241,249855,248209,246237,244642,243566,243520,244944,243514,242413,241641,241118,239697,238595,240519,240368
14628,Sächsische Schweiz-Osterzgebirge,261710,265042,267390,272464,271913,270348,267635,265123,263152,261216,258747,256182,253904,251499,249675,247931,246275,245846,245777,245711,247088,245661,244932,245044,244938,243993,243199,245313,245143
14713,"Leipzig, Stadt",516294,503022,491163,482182,483978,482325,481180,481933,483680,483651,486821,489759,492703,496671,499075,502106,510043,519700,529287,541066,555921,565399,575154,579893,584043,587253,590489,603578,608013
14729,Leipzig,278688,285635,292242,295124,289221,288356,285787,283039,281025,278690,276313,273771,270993,268128,265762,263282,260925,259129,257439,257412,258095,257942,257538,257215,257513,257682,257431,259568,260706
14730,Nordsachsen,227085,228677,229627,229181,230112,228018,225411,222810,220683,218898,216434,213737,210830,207816,204935,202310,200062,198720,197528,197315,197969,198518,198340,198310,198469,198263,198439,200825,200778
15001,"Dessau-Roßlau, Stadt",108427,107595,106070,104010,102252,100217,97784,96031,94706,93474,92163,90973,89648,88391,87446,86572,85488,84278,82959,82076,81605,80863,80140,78938,77475,76398,75446,76042,76062
15002,"Halle (Saale), Stadt",281908,275602,267197,259524,252900,246131,241294,237458,238076,236308,234863,233239,231668,230240,229404,229898,230494,230107,228898,228470,231658,231338,231173,229923,228095,225865,224727,227416,227639
15003,"Magdeburg, Landeshauptstadt",256714,249932,244253,238049,233503,229723,227871,226129,225337,224320,226614,227157,227314,227064,227316,228228,228910,230141,231455,232958,236592,239222,239781,240217,239302,237730,238360,241753,242491
15081,Altmarkkreis Salzwedel,105149,105282,104205,102074,101458,100727,99984,98924,97758,96621,95448,93916,92657,91219,89731,88735,87624,86779,86114,85774,85768,84741,83864,83073,82382,81797,80997,81369,80780
15082,Anhalt-Bitterfeld,216906,215933,214009,211378,208901,205231,201564,197915,194433,190991,188194,185240,182089,179080,176165,173389,170827,168214,166306,164294,163774,161796,159699,158028,156399,154870,153292,154366,153801
15083,Börde,191478,194590,197203,198003,198344,197855,195418,194180,192626,190778,188550,186207,183736,181049,178789,176872,175198,173779,172511,172163,172585,171849,171288,170181,169148,168570,167887,168952,168593
15084,Burgenlandkreis,230405,228842,227360,225336,223266,220595,217126,214054,211050,208451,205302,202520,199203,196306,193390,191012,188149,185896,184587,183501,183342,182250,180860,178897,177368,175927,174486,175180,175217
15085,Harz,269539,267715,266174,264019,261793,258868,256191,253512,250613,247356,244536,241169,237757,234211,231067,228539,225191,222935,220725,219142,220731,218849,215346,213334,212039,209546,207529,208634,207134
15086,Jerichower Land,107722,108513,108133,108275,108004,107316,106280,105000,103644,102432,100998,99595,98108,96449,95594,94402,93242,92256,91499,91025,91248,90789,89798,89150,88700,88402,88006,89033,88695
15087,Mansfeld-Südharz,184251,182606,181044,179278,177093,174375,171634,169061,166402,163938,161434,158753,157073,154041,151245,148953,146659,144651,143077,141801,141071,139360,137507,135659,134268,132932,131474,131107,130162
15088,Saalekreis,209498,212060,214513,216475,217264,216546,214755,212297,209933,208024,206067,203902,200400,197485,195038,192759,190747,189073,187402,186078,185855,185231,184630,183574,182663,182138,181374,182390,182677
15089,Salzlandkreis,254790,253316,251275,249044,246330,243130,239502,235494,231676,228023,224468,220410,216768,213001,209879,206716,203785,200965,198225,196016,195716,193351,191270,188846,187166,185254,183047,183727,182296
15090,Stendal,146914,145789,144470,142936,141666,139647,137509,135735,134429,131882,129875,128002,125898,123776,121934,120072,118268,116409,114957,113896,114233,113107,111643,110182,109133,108170,107174,107462,106793
15091,Wittenberg,165261,164218,162495,161138,159352,156743,153782,151529,149003,146922,144627,142468,140254,138000,136000,133976,132154,130601,129242,128426,128054,126958,126226,125153,124168,123301,122359,122808,122230
16051,"Erfurt, Stadt",209899,206769,203749,201118,199252,198348,197709,197348,198825,199428,199621,199233,199303,199505,199801,200763,201952,203830,205571,207255,211500,212840,215061,216117,216745,216801,216682,218769,219549
16052,"Gera, Stadt",122732,120196,117636,115185,113347,111327,108281,106300,104446,103097,101755,100402,99150,98038,97245,96383,95746,95459,95126,94716,96309,95123,95306,94674,93721,92797,92113,94454,95695
16053,"Jena, Stadt",101324,100585,99624,99490,100218,100376,101683,101112,103248,103100,103234,103240,103542,104225,105326,106050,106428,106849,107548,108010,109265,109993,110706,110948,110819,110141,109847,110470,110076
16054,"Suhl, Stadt",55600,54478,53054,51948,50892,49621,48269,46985,45846,44868,43807,42877,41928,40989,40254,39418,38773,38095,37720,38199,38722,37480,36970,36575,36292,35835,35432,36325,36307
16055,"Weimar, Stadt",61398,61119,61210,61237,61245,61097,62073,62500,62719,62680,62662,62429,62547,62644,62818,62944,62886,63226,63294,63446,64090,64304,64364,65018,65146,65006,65035,65507,65528
16061,Eichsfeld,116867,116174,115349,114298,113517,112788,111985,110936,109773,109041,108077,106841,105762,104654,103649,102672,101906,101245,100818,100530,101058,100700,100245,99914,99473,98863,98658,99358,102699
16062,Nordhausen,101200,100527,99849,99106,98238,97380,96344,95176,94056,92843,91824,90731,89751,88997,88122,87617,86734,85863,85265,84882,85125,84810,84352,83419,82956,81938,81112,81811,81502
16063,Wartburgkreis,189300,188007,186927,185738,184798,183634,182329,181270,179394,177964,176248,174434,172440,170520,168630,167207,165970,164884,163521,163133,163221,162224,161139,159812,159062,157505,156197,156566,156334
16064,Unstrut-Hainich-Kreis,121586,121318,120244,119852,119572,118326,117160,115931,114569,113493,112248,110799,109715,108545,107463,106508,105683,104781,103914,103425,104611,103120,102511,101753,100908,100208,99614,100435,96458
16065,Kyffhäuserkreis,97869,97179,96383,95723,94832,93840,92434,91345,90117,88830,87575,86280,84538,82965,81735,80488,79464,78557,77535,76966,76867,76381,75454,74584,73726,72975,72357,73022,72556
16066,Schmalkalden-Meiningen,150850,150221,149647,148855,148100,147143,145816,144269,142722,141609,140108,138515,136842,135230,133631,132181,130885,129830,128972,128245,127612,126272,125493,124671,123354,122484,121451,121791,121151
16067,Gotha,148004,148437,149040,149071,148876,147850,146679,145832,144521,143910,142760,141445,140297,138872,137626,136764,135986,135592,135588,136030,137696,136512,136819,136967,136639,136510,135989,137321,136933
16068,Sömmerda,82417,82288,82192,81830,81520,80804,79886,79119,78161,77285,76282,75478,74602,73667,72960,72112,71544,70885,70593,70177,70120,69518,69306,68814,68466,68026,67516,68325,68109
16069,Hildburghausen,75086,74990,74881,74597,74031,73689,73082,72592,71809,71316,70804,69978,69180,68337,67543,66721,66007,65480,64913,64494,64286,64032,63566,63136,62721,62120,61494,61271,60691
16070,Ilm-Kreis,120488,119926,119866,119609,119340,118574,117751,117096,115937,114665,113516,112208,110854,109773,109101,108584,107932,107358,106815,106775,107500,107074,106762,106694,106394,105769,105548,106975,107002
16071,Weimarer Land,88969,90043,90904,91045,91109,90533,89912,89186,88321,87620,86968,85992,85078,83936,83280,82955,82458,82013,81698,81633,82116,82302,82114,81927,82133,82266,82075,83148,82868
16072,Sonneberg,73266,72690,72077,71508,70724,70067,69333,68654,67702,66939,65891,64937,64122,62980,62155,61482,60716,59985,59365,58863,58818,58441,58230,57999,57346,56627,56040,56412,55959
16073,Saalfeld-Rudolstadt,135212,134567,133407,131446,130210,128676,126702,125184,123377,122042,120328,118648,116572,114740,113116,111519,110304,109239,108112,107470,107115,106177,105254,104268,103244,102190,101025,101556,101111
16074,Saale-Holzland-Kreis,91783,92384,92960,93182,92940,93116,92517,92008,91276,90361,89578,88571,87605,86795,85922,85257,84677,84315,84067,84064,86315,84689,83187,83281,83213,83111,82841,83595,84040
16075,Saale-Orla-Kreis,101798,101074,100586,99798,98902,97769,96670,95634,94328,93378,92083,90820,89562,88403,87135,86227,85259,84365,83513,82676,82670,82010,81079,80375,79749,78999,78326,78404,77859
16076,Greiz,127117,126697,126256,125508,124457,123100,121620,120220,118521,117004,115201,113196,111424,109419,107605,106087,104464,103197,101967,101082,100714,99217,98675,97459,96598,95768,95102,95281,94488
16077,Altenburger Land,120215,118845,117900,116483,114955,113393,111541,109933,108277,106793,105191,103474,101992,100311,98748,97269,95829,94681,93468,92500,92070,91265,90239,89639,88845,87740,87122,88034,87955
